Artist Name,Artist Slug,Death Year,Artwork Title,Artwork Slug,WikiArt URL,Image URL,Museum Location,Notes
"Claude Monet",claude-monet,1926,"Luncheon on the Grass",lunch-on-the-grass,https://www.wikiart.org/en/claude-monet/lunch-on-the-grass,https://uploads2.wikiart.org/images/claude-monet/lunch-on-the-grass.jpg,"Musée d'Orsay, Paris","Known location"
"Claude Monet",claude-monet,1926,"Women in the garden",women-in-the-garden,https://www.wikiart.org/en/claude-monet/women-in-the-garden,https://uploads2.wikiart.org/images/claude-monet/women-in-the-garden.jpg,"Musée d'Orsay, Paris","Known location"
"Claude Monet",claude-monet,1926,"Garden at Sainte-Adresse",garden-at-sainte-adresse,https://www.wikiart.org/en/claude-monet/garden-at-sainte-adresse,https://uploads2.wikiart.org/images/claude-monet/garden-at-sainte-adresse.jpg,"Metropolitan Museum of Art, New York","Known location"
"Claude Monet",claude-monet,1926,"Bathers at La Grenouillere",bathers-at-la-grenouillere-1869,https://www.wikiart.org/en/claude-monet/bathers-at-la-grenouillere-1869,https://uploads2.wikiart.org/images/claude-monet/bathers-at-la-grenouillere-1869.jpg,"National Gallery, London","Known location"
"Claude Monet",claude-monet,1926,"The Magpie",the-magpie-1869,https://www.wikiart.org/en/claude-monet/the-magpie-1869,https://uploads2.wikiart.org/images/claude-monet/the-magpie-1869.jpg,"Musée d'Orsay, Paris","Known location"
"Claude Monet",claude-monet,1926,"The Thames below Westminster",the-thames-below-westminster-1871,https://www.wikiart.org/en/claude-monet/the-thames-below-westminster-1871,https://uploads2.wikiart.org/images/claude-monet/the-thames-below-westminster-1871.jpg,"National Gallery, London","Known location"
"Claude Monet",claude-monet,1926,"Regatta at Argenteuil",regatta-at-argenteuil,https://www.wikiart.org/en/claude-monet/regatta-at-argenteuil,https://uploads2.wikiart.org/images/claude-monet/regatta-at-argenteuil.jpg,"Musée d'Orsay, Paris","Known location"
"Claude Monet",claude-monet,1926,"Regatta at Argenteuil",regatta-at-argenteuil-1,https://www.wikiart.org/en/claude-monet/regatta-at-argenteuil-1,https://uploads2.wikiart.org/images/claude-monet/regatta-at-argenteuil-1.jpg,"Musée d'Orsay, Paris","Known location"
"Claude Monet",claude-monet,1926,"The Boats Regatta at Argenteuil",the-boats-regatta-at-argenteuil,https://www.wikiart.org/en/claude-monet/the-boats-regatta-at-argenteuil,https://uploads2.wikiart.org/images/claude-monet/the-boats-regatta-at-argenteuil.jpg,"Musée d'Orsay, Paris","Known location"
"Claude Monet",claude-monet,1926,"The Promenade, Woman with a Parasol",the-promenade-woman-with-a-parasol,https://www.wikiart.org/en/claude-monet/the-promenade-woman-with-a-parasol,https://uploads2.wikiart.org/images/claude-monet/the-promenade-woman-with-a-parasol.jpg,"National Gallery of Art, Washington DC","Known location"
"Claude Monet",claude-monet,1926,"Woman with a Parasol in the Garden in Argenteuil",woman-with-a-parasol-in-the-garden-in-argenteuil,https://www.wikiart.org/en/claude-monet/woman-with-a-parasol-in-the-garden-in-argenteuil,https://uploads2.wikiart.org/images/claude-monet/woman-with-a-parasol-in-the-garden-in-argenteuil.jpg,"National Gallery of Art, Washington DC","Known location"
"Claude Monet",claude-monet,1926,"Saint-Lazare Station, Exterior",saint-lazare-station-exterior,https://www.wikiart.org/en/claude-monet/saint-lazare-station-exterior,https://uploads2.wikiart.org/images/claude-monet/saint-lazare-station-exterior.jpg,"Musée d'Orsay, Paris","Known location"
"Claude Monet",claude-monet,1926,"Saint-Lazare Station",saint-lazare-station,https://www.wikiart.org/en/claude-monet/saint-lazare-station,https://uploads2.wikiart.org/images/claude-monet/saint-lazare-station.jpg,"Musée d'Orsay, Paris","Known location"
"Claude Monet",claude-monet,1926,"Saint-Lazare Station, Arrival of a Train",saint-lazare-station-arrival-of-a-train,https://www.wikiart.org/en/claude-monet/saint-lazare-station-arrival-of-a-train,https://uploads2.wikiart.org/images/claude-monet/saint-lazare-station-arrival-of-a-train.jpg,"Musée d'Orsay, Paris","Known location"
"Claude Monet",claude-monet,1926,"Saint-Lazare Station, Exterior",saint-lazare-station-exterior-1,https://www.wikiart.org/en/claude-monet/saint-lazare-station-exterior-1,https://uploads2.wikiart.org/images/claude-monet/saint-lazare-station-exterior-1.jpg,"Musée d'Orsay, Paris","Known location"
"Claude Monet",claude-monet,1926,"Saint-Lazare Station, Exterior View",saint-lazare-station-exterior-view,https://www.wikiart.org/en/claude-monet/saint-lazare-station-exterior-view,https://uploads2.wikiart.org/images/claude-monet/saint-lazare-station-exterior-view.jpg,"Musée d'Orsay, Paris","Known location"
"Claude Monet",claude-monet,1926,"Saint-Lazare Station, Exterior View",saint-lazare-station-exterior-view-1,https://www.wikiart.org/en/claude-monet/saint-lazare-station-exterior-view-1,https://uploads2.wikiart.org/images/claude-monet/saint-lazare-station-exterior-view-1.jpg,"Musée d'Orsay, Paris","Known location"
"Claude Monet",claude-monet,1926,"Saint-Lazare Station, Sunlight Effect",saint-lazare-station-sunlight-effect,https://www.wikiart.org/en/claude-monet/saint-lazare-station-sunlight-effect,https://uploads2.wikiart.org/images/claude-monet/saint-lazare-station-sunlight-effect.jpg,"Musée d'Orsay, Paris","Known location"
"Claude Monet",claude-monet,1926,"Saint-Lazare Station, the Western Region Goods Sheds",saint-lazare-station-the-western-region-goods-sheds,https://www.wikiart.org/en/claude-monet/saint-lazare-station-the-western-region-goods-sheds,https://uploads2.wikiart.org/images/claude-monet/saint-lazare-station-the-western-region-goods-sheds.jpg,"Musée d'Orsay, Paris","Known location"
"Claude Monet",claude-monet,1926,"Saint-Lazare Station, Track Coming out",saint-lazare-station-track-coming-out,https://www.wikiart.org/en/claude-monet/saint-lazare-station-track-coming-out,https://uploads2.wikiart.org/images/claude-monet/saint-lazare-station-track-coming-out.jpg,"Musée d'Orsay, Paris","Known location"
"Claude Monet",claude-monet,1926,"The Pont de l&#39;Europe, Gare Saint-Lazare",the-pont-de-l-europe-gare-saint-lazare-1877,https://www.wikiart.org/en/claude-monet/the-pont-de-l-europe-gare-saint-lazare-1877,https://uploads2.wikiart.org/images/claude-monet/the-pont-de-l-europe-gare-saint-lazare-1877.jpg,"Musée d'Orsay, Paris","Known location"
"Claude Monet",claude-monet,1926,"View Of Bordighera",view-of-bordighera-1884,https://www.wikiart.org/en/claude-monet/view-of-bordighera-1884,https://uploads2.wikiart.org/images/claude-monet/view-of-bordighera-1884.jpg,"Art Institute of Chicago","Known location"
"Claude Monet",claude-monet,1926,"Bordighera",bordighera,https://www.wikiart.org/en/claude-monet/bordighera,https://uploads2.wikiart.org/images/claude-monet/bordighera.jpg,"Art Institute of Chicago","Known location"
"Claude Monet",claude-monet,1926,"Bordighera, Italy",bordighera-italy,https://www.wikiart.org/en/claude-monet/bordighera-italy,https://uploads2.wikiart.org/images/claude-monet/bordighera-italy.jpg,"Art Institute of Chicago","Known location"
"Claude Monet",claude-monet,1926,"Bordighera, the House of Gardener",bordighera-the-house-of-gardener,https://www.wikiart.org/en/claude-monet/bordighera-the-house-of-gardener,https://uploads2.wikiart.org/images/claude-monet/bordighera-the-house-of-gardener.jpg,"Art Institute of Chicago","Known location"
"Claude Monet",claude-monet,1926,"Burgo Marina at Bordighera",burgo-marina-at-bordighera,https://www.wikiart.org/en/claude-monet/burgo-marina-at-bordighera,https://uploads2.wikiart.org/images/claude-monet/burgo-marina-at-bordighera.jpg,"Art Institute of Chicago","Known location"
"Claude Monet",claude-monet,1926,"Garden in Bordighera, Impression of Morning",garden-in-bordighera-impression-of-morning-1884,https://www.wikiart.org/en/claude-monet/garden-in-bordighera-impression-of-morning-1884,https://uploads2.wikiart.org/images/claude-monet/garden-in-bordighera-impression-of-morning-1884.jpg,"Art Institute of Chicago","Known location"
"Claude Monet",claude-monet,1926,"Grove of Olive Trees in Bordighera",grove-of-olive-trees-in-bordighera,https://www.wikiart.org/en/claude-monet/grove-of-olive-trees-in-bordighera,https://uploads2.wikiart.org/images/claude-monet/grove-of-olive-trees-in-bordighera.jpg,"Art Institute of Chicago","Known location"
"Claude Monet",claude-monet,1926,"Palm Tree at Bordighera",palm-tree-at-bordighera,https://www.wikiart.org/en/claude-monet/palm-tree-at-bordighera,https://uploads2.wikiart.org/images/claude-monet/palm-tree-at-bordighera.jpg,"Art Institute of Chicago","Known location"
"Claude Monet",claude-monet,1926,"Palm Trees at Bordighera",palm-trees-at-bordighera,https://www.wikiart.org/en/claude-monet/palm-trees-at-bordighera,https://uploads2.wikiart.org/images/claude-monet/palm-trees-at-bordighera.jpg,"Art Institute of Chicago","Known location"
"Claude Monet",claude-monet,1926,"Small Country Farm in Bordighera",small-country-farm-in-bordighera,https://www.wikiart.org/en/claude-monet/small-country-farm-in-bordighera,https://uploads2.wikiart.org/images/claude-monet/small-country-farm-in-bordighera.jpg,"Art Institute of Chicago","Known location"
"Claude Monet",claude-monet,1926,"Strada Romada in Bordighera",strada-romada-in-bordighera,https://www.wikiart.org/en/claude-monet/strada-romada-in-bordighera,https://uploads2.wikiart.org/images/claude-monet/strada-romada-in-bordighera.jpg,"Art Institute of Chicago","Known location"
"Claude Monet",claude-monet,1926,"The Moreno Garden at Bordighera",the-moreno-garden-at-bordighera,https://www.wikiart.org/en/claude-monet/the-moreno-garden-at-bordighera,https://uploads2.wikiart.org/images/claude-monet/the-moreno-garden-at-bordighera.jpg,"Art Institute of Chicago","Known location"
"Claude Monet",claude-monet,1926,"The Valley of Sasso, Bordighera",the-valley-of-sasso-bordighera,https://www.wikiart.org/en/claude-monet/the-valley-of-sasso-bordighera,https://uploads2.wikiart.org/images/claude-monet/the-valley-of-sasso-bordighera.jpg,"Art Institute of Chicago","Known location"
"Claude Monet",claude-monet,1926,"Valley Bouna near Bordighera",valley-bouna-near-bordighera,https://www.wikiart.org/en/claude-monet/valley-bouna-near-bordighera,https://uploads2.wikiart.org/images/claude-monet/valley-bouna-near-bordighera.jpg,"Art Institute of Chicago","Known location"
"Claude Monet",claude-monet,1926,"Villas at Bordighera",villas-at-bordighera-1884,https://www.wikiart.org/en/claude-monet/villas-at-bordighera-1884,https://uploads2.wikiart.org/images/claude-monet/villas-at-bordighera-1884.jpg,"Art Institute of Chicago","Known location"
"Claude Monet",claude-monet,1926,"Villas at Bordighera",villas-at-bordighera-02,https://www.wikiart.org/en/claude-monet/villas-at-bordighera-02,https://uploads2.wikiart.org/images/claude-monet/villas-at-bordighera-02.jpg,"Art Institute of Chicago","Known location"
"Claude Monet",claude-monet,1926,"Villas at Bordighera 03",villas-at-bordighera-03,https://www.wikiart.org/en/claude-monet/villas-at-bordighera-03,https://uploads2.wikiart.org/images/claude-monet/villas-at-bordighera-03.jpg,"Art Institute of Chicago","Known location"
"Claude Monet",claude-monet,1926,"Tulip Fields at Sassenheim, near Leiden",tulip-fields-at-sassenheim-near-leiden-1886,https://www.wikiart.org/en/claude-monet/tulip-fields-at-sassenheim-near-leiden-1886,https://uploads2.wikiart.org/images/claude-monet/tulip-fields-at-sassenheim-near-leiden-1886.jpg,"Musée Marmottan Monet, Paris","Known location"
"Claude Monet",claude-monet,1926,"Woman with a Parasol (also known as Study of a Figure Outdoors (Facing Left))",woman-with-a-parasol-also-known-as-study-of-a-figure-outdoors-facing-left,https://www.wikiart.org/en/claude-monet/woman-with-a-parasol-also-known-as-study-of-a-figure-outdoors-facing-left,https://uploads2.wikiart.org/images/claude-monet/woman-with-a-parasol-also-known-as-study-of-a-figure-outdoors-facing-left.jpg,"National Gallery of Art, Washington DC","Known location"
"Claude Monet",claude-monet,1926,"Woman with a Parasol, Facing Right (also known as Study of a Figure Outdoors (Facing Right))",woman-with-a-parasol-facing-right-also-known-as-study-of-a-figure-outdoors-facing-right,https://www.wikiart.org/en/claude-monet/woman-with-a-parasol-facing-right-also-known-as-study-of-a-figure-outdoors-facing-right,https://uploads2.wikiart.org/images/claude-monet/woman-with-a-parasol-facing-right-also-known-as-study-of-a-figure-outdoors-facing-right.jpg,"National Gallery of Art, Washington DC","Known location"
"Claude Monet",claude-monet,1926,"Saint-Lazare Station, Exterior View",saint-lazare-station-exterior-view-2,https://www.wikiart.org/en/claude-monet/saint-lazare-station-exterior-view-2,https://uploads2.wikiart.org/images/claude-monet/saint-lazare-station-exterior-view-2.jpg,"Musée d'Orsay, Paris","Known location"
"Claude Monet",claude-monet,1926,"Antibes - View of the Salis Gardens",antibes-view-of-the-salis-gardens,https://www.wikiart.org/en/claude-monet/antibes-view-of-the-salis-gardens,https://uploads2.wikiart.org/images/claude-monet/antibes-view-of-the-salis-gardens.jpg,"Courtauld Gallery, London","Known location"
"Claude Monet",claude-monet,1926,"Antibes in the Morning",antibes-in-the-morning,https://www.wikiart.org/en/claude-monet/antibes-in-the-morning,https://uploads2.wikiart.org/images/claude-monet/antibes-in-the-morning.jpg,"Courtauld Gallery, London","Known location"
"Claude Monet",claude-monet,1926,"Antibes Seen from the Cape, Mistral Wind",antibes-seen-from-the-cape-mistral-wind,https://www.wikiart.org/en/claude-monet/antibes-seen-from-the-cape-mistral-wind,https://uploads2.wikiart.org/images/claude-monet/antibes-seen-from-the-cape-mistral-wind.jpg,"Courtauld Gallery, London","Known location"
"Claude Monet",claude-monet,1926,"Antibes Seen from the Salis Gardens 01",antibes-seen-from-the-salis-gardens-01,https://www.wikiart.org/en/claude-monet/antibes-seen-from-the-salis-gardens-01,https://uploads2.wikiart.org/images/claude-monet/antibes-seen-from-the-salis-gardens-01.jpg,"Courtauld Gallery, London","Known location"
"Claude Monet",claude-monet,1926,"Antibes Seen from the Salis Gardens 02",antibes-seen-from-the-salis-gardens-02,https://www.wikiart.org/en/claude-monet/antibes-seen-from-the-salis-gardens-02,https://uploads2.wikiart.org/images/claude-monet/antibes-seen-from-the-salis-gardens-02.jpg,"Courtauld Gallery, London","Known location"
"Claude Monet",claude-monet,1926,"Antibes, Afternoon Effect",antibes-afternoon-effect,https://www.wikiart.org/en/claude-monet/antibes-afternoon-effect,https://uploads2.wikiart.org/images/claude-monet/antibes-afternoon-effect.jpg,"Courtauld Gallery, London","Known location"
"Claude Monet",claude-monet,1926,"At Cap d&#39;Antibes",at-cap-d-antibes,https://www.wikiart.org/en/claude-monet/at-cap-d-antibes,https://uploads2.wikiart.org/images/claude-monet/at-cap-d-antibes.jpg,"Courtauld Gallery, London","Known location"
"Claude Monet",claude-monet,1926,"At Cap d&#39;Antibes, Mistral Wind",at-cap-d-antibes-mistral-wind,https://www.wikiart.org/en/claude-monet/at-cap-d-antibes-mistral-wind,https://uploads2.wikiart.org/images/claude-monet/at-cap-d-antibes-mistral-wind.jpg,"Courtauld Gallery, London","Known location"
"Claude Monet",claude-monet,1926,"Gardener&#39;s House at Antibes",gardener-s-house-at-antibes,https://www.wikiart.org/en/claude-monet/gardener-s-house-at-antibes,https://uploads2.wikiart.org/images/claude-monet/gardener-s-house-at-antibes.jpg,"Courtauld Gallery, London","Known location"
"Claude Monet",claude-monet,1926,"Pine Trees, Cap d&#39;Antibes",pine-trees-cap-d-antibes,https://www.wikiart.org/en/claude-monet/pine-trees-cap-d-antibes,https://uploads2.wikiart.org/images/claude-monet/pine-trees-cap-d-antibes.jpg,"Courtauld Gallery, London","Known location"
"Claude Monet",claude-monet,1926,"The Alps Seen from Cap d&#39;Antibes",the-alps-seen-from-cap-d-antibes,https://www.wikiart.org/en/claude-monet/the-alps-seen-from-cap-d-antibes,https://uploads2.wikiart.org/images/claude-monet/the-alps-seen-from-cap-d-antibes.jpg,"Courtauld Gallery, London","Known location"
"Claude Monet",claude-monet,1926,"The Bay of Antibes",the-bay-of-antibes,https://www.wikiart.org/en/claude-monet/the-bay-of-antibes,https://uploads2.wikiart.org/images/claude-monet/the-bay-of-antibes.jpg,"Courtauld Gallery, London","Known location"
"Claude Monet",claude-monet,1926,"The Big Blue at Antibes",the-big-blue-at-antibes,https://www.wikiart.org/en/claude-monet/the-big-blue-at-antibes,https://uploads2.wikiart.org/images/claude-monet/the-big-blue-at-antibes.jpg,"Courtauld Gallery, London","Known location"
"Claude Monet",claude-monet,1926,"The Big Blue Mediterranean at Antibes",the-big-blue-meditarranean-at-antibes,https://www.wikiart.org/en/claude-monet/the-big-blue-meditarranean-at-antibes,https://uploads2.wikiart.org/images/claude-monet/the-big-blue-meditarranean-at-antibes.jpg,"Courtauld Gallery, London","Known location"
"Claude Monet",claude-monet,1926,"The Big Blue Sea in Antibes",the-big-blue-sea-in-antibes,https://www.wikiart.org/en/claude-monet/the-big-blue-sea-in-antibes,https://uploads2.wikiart.org/images/claude-monet/the-big-blue-sea-in-antibes.jpg,"Courtauld Gallery, London","Known location"
"Claude Monet",claude-monet,1926,"The Castle in Antibes",the-castle-in-antibes,https://www.wikiart.org/en/claude-monet/the-castle-in-antibes,https://uploads2.wikiart.org/images/claude-monet/the-castle-in-antibes.jpg,"Courtauld Gallery, London","Known location"
"Claude Monet",claude-monet,1926,"The Gulf Juan at Antibes",the-gulf-juan-at-antibes,https://www.wikiart.org/en/claude-monet/the-gulf-juan-at-antibes,https://uploads2.wikiart.org/images/claude-monet/the-gulf-juan-at-antibes.jpg,"Courtauld Gallery, London","Known location"
"Claude Monet",claude-monet,1926,"The Gulf of Antibes",the-gulf-of-antibes,https://www.wikiart.org/en/claude-monet/the-gulf-of-antibes,https://uploads2.wikiart.org/images/claude-monet/the-gulf-of-antibes.jpg,"Courtauld Gallery, London","Known location"
"Claude Monet",claude-monet,1926,"Trees by the Seashore at Antibes",trees-by-the-seashore-at-antibes,https://www.wikiart.org/en/claude-monet/trees-by-the-seashore-at-antibes,https://uploads2.wikiart.org/images/claude-monet/trees-by-the-seashore-at-antibes.jpg,"Courtauld Gallery, London","Known location"
"Claude Monet",claude-monet,1926,"View of Antibes from the Plateau Notre-Dame",view-of-antibes-from-the-plateau-notre-dame,https://www.wikiart.org/en/claude-monet/view-of-antibes-from-the-plateau-notre-dame,https://uploads2.wikiart.org/images/claude-monet/view-of-antibes-from-the-plateau-notre-dame.jpg,"Courtauld Gallery, London","Known location"
"Claude Monet",claude-monet,1926,"View of Cap d&#39;Antibes",view-of-cap-d-antibes,https://www.wikiart.org/en/claude-monet/view-of-cap-d-antibes,https://uploads2.wikiart.org/images/claude-monet/view-of-cap-d-antibes.jpg,"Courtauld Gallery, London","Known location"
"Claude Monet",claude-monet,1926,"The Old Fort at Antibes",the-old-fort-at-antibes,https://www.wikiart.org/en/claude-monet/the-old-fort-at-antibes,https://uploads2.wikiart.org/images/claude-monet/the-old-fort-at-antibes.jpg,"Courtauld Gallery, London","Known location"
"Claude Monet",claude-monet,1926,"Grainstack in Winter, Misty Weather",grainstack-in-winter-misty-weather-1889,https://www.wikiart.org/en/claude-monet/grainstack-in-winter-misty-weather-1889,https://uploads2.wikiart.org/images/claude-monet/grainstack-in-winter-misty-weather-1889.jpg,"Museum of Fine Arts, Boston","Known location"
"Claude Monet",claude-monet,1926,"Grainstack at Giverny",grainstack-at-giverny,https://www.wikiart.org/en/claude-monet/grainstack-at-giverny,https://uploads2.wikiart.org/images/claude-monet/grainstack-at-giverny.jpg,"Museum of Fine Arts, Boston","Known location"
"Claude Monet",claude-monet,1926,"Grainstacks at Giverny, Morning Effect",grainstacks-at-giverny-morning-effect,https://www.wikiart.org/en/claude-monet/grainstacks-at-giverny-morning-effect,https://uploads2.wikiart.org/images/claude-monet/grainstacks-at-giverny-morning-effect.jpg,"Museum of Fine Arts, Boston","Known location"
"Claude Monet",claude-monet,1926,"Grainstacks at Giverny, Sunset",grainstacks-at-giverny-sunset,https://www.wikiart.org/en/claude-monet/grainstacks-at-giverny-sunset,https://uploads2.wikiart.org/images/claude-monet/grainstacks-at-giverny-sunset.jpg,"Museum of Fine Arts, Boston","Known location"
"Claude Monet",claude-monet,1926,"Grainstacks, White Frost Effect",haystacks-white-frost-sunrise,https://www.wikiart.org/en/claude-monet/haystacks-white-frost-sunrise,https://uploads2.wikiart.org/images/claude-monet/haystacks-white-frost-sunrise.jpg,"Museum of Fine Arts, Boston","Known location"
"Claude Monet",claude-monet,1926,"Grainstacks, Bright Sunlight",grainstacks-bright-sunlight-1890,https://www.wikiart.org/en/claude-monet/grainstacks-bright-sunlight-1890,https://uploads2.wikiart.org/images/claude-monet/grainstacks-bright-sunlight-1890.jpg,"Museum of Fine Arts, Boston","Known location"
"Claude Monet",claude-monet,1926,"Grainstack in the Sunlight, Snow Effect",grainstack-in-the-sunlight-snow-effect-1891,https://www.wikiart.org/en/claude-monet/grainstack-in-the-sunlight-snow-effect-1891,https://uploads2.wikiart.org/images/claude-monet/grainstack-in-the-sunlight-snow-effect-1891.jpg,"Museum of Fine Arts, Boston","Known location"
"Claude Monet",claude-monet,1926,"Grainstacks in the Winter",grainstacks-in-the-winter-1891,https://www.wikiart.org/en/claude-monet/grainstacks-in-the-winter-1891,https://uploads2.wikiart.org/images/claude-monet/grainstacks-in-the-winter-1891.jpg,"Museum of Fine Arts, Boston","Known location"
"Claude Monet",claude-monet,1926,"Grainstacks in the Sunlight, Morning Effect",grainstacks-in-the-sunlight-morning-effect-1891,https://www.wikiart.org/en/claude-monet/grainstacks-in-the-sunlight-morning-effect-1891,https://uploads2.wikiart.org/images/claude-monet/grainstacks-in-the-sunlight-morning-effect-1891.jpg,"Museum of Fine Arts, Boston","Known location"
"Claude Monet",claude-monet,1926,"Grainstack",grainstack,https://www.wikiart.org/en/claude-monet/grainstack,https://uploads2.wikiart.org/images/claude-monet/grainstack.jpg,"Museum of Fine Arts, Boston","Known location"
"Claude Monet",claude-monet,1926,"Grainstack (Sunset)",grainstack-at-sunset,https://www.wikiart.org/en/claude-monet/grainstack-at-sunset,https://uploads2.wikiart.org/images/claude-monet/grainstack-at-sunset.jpg,"Museum of Fine Arts, Boston","Known location"
"Claude Monet",claude-monet,1926,"Grainstack, Snow Effect, Morning",grainstack-in-the-morning-snow-effect-1891,https://www.wikiart.org/en/claude-monet/grainstack-in-the-morning-snow-effect-1891,https://uploads2.wikiart.org/images/claude-monet/grainstack-in-the-morning-snow-effect-1891.jpg,"Museum of Fine Arts, Boston","Known location"
"Claude Monet",claude-monet,1926,"Grainstack in Sunshine",grainstack-under-the-sun,https://www.wikiart.org/en/claude-monet/grainstack-under-the-sun,https://uploads2.wikiart.org/images/claude-monet/grainstack-under-the-sun.jpg,"Museum of Fine Arts, Boston","Known location"
"Claude Monet",claude-monet,1926,"Grainstack in the Sunlight",grainstack-impression-in-pinks-and-blues,https://www.wikiart.org/en/claude-monet/grainstack-impression-in-pinks-and-blues,https://uploads2.wikiart.org/images/claude-monet/grainstack-impression-in-pinks-and-blues.jpg,"Museum of Fine Arts, Boston","Known location"
"Claude Monet",claude-monet,1926,"Stacks of Wheat (Sunset, Snow Effect)",grainstacks-at-sunset-snow-effect-1891,https://www.wikiart.org/en/claude-monet/grainstacks-at-sunset-snow-effect-1891,https://uploads2.wikiart.org/images/claude-monet/grainstacks-at-sunset-snow-effect-1891.jpg,"Art Institute of Chicago","Known location"
"Claude Monet",claude-monet,1926,"Stacks of Wheat (End of Day, Autumn)",grainstacks-at-the-end-of-the-day-autumn,https://www.wikiart.org/en/claude-monet/grainstacks-at-the-end-of-the-day-autumn,https://uploads2.wikiart.org/images/claude-monet/grainstacks-at-the-end-of-the-day-autumn.jpg,"Art Institute of Chicago","Known location"
"Claude Monet",claude-monet,1926,"Grainstacks, Snow Effect",grainstacks-snow-effect-1891,https://www.wikiart.org/en/claude-monet/grainstacks-snow-effect-1891,https://uploads2.wikiart.org/images/claude-monet/grainstacks-snow-effect-1891.jpg,"Museum of Fine Arts, Boston","Known location"
"Claude Monet",claude-monet,1926,"Grainstack, Sun in the Mist",haystacks-sun-in-the-mist,https://www.wikiart.org/en/claude-monet/haystacks-sun-in-the-mist,https://uploads2.wikiart.org/images/claude-monet/haystacks-sun-in-the-mist.jpg,"Museum of Fine Arts, Boston","Known location"
"Claude Monet",claude-monet,1926,"Stacks of Wheat (End of Summer)",wheatstacks-end-of-summer-1891,https://www.wikiart.org/en/claude-monet/wheatstacks-end-of-summer-1891,https://uploads2.wikiart.org/images/claude-monet/wheatstacks-end-of-summer-1891.jpg,"Art Institute of Chicago","Known location"
"Claude Monet",claude-monet,1926,"Rouen Cathedral, Study of the Portal",rouen-cathedral-study-of-the-portal,https://www.wikiart.org/en/claude-monet/rouen-cathedral-study-of-the-portal,https://uploads2.wikiart.org/images/claude-monet/rouen-cathedral-study-of-the-portal.jpg,"Musée d'Orsay, Paris","Known location"
"Claude Monet",claude-monet,1926,"Rouen Cathedral, red, Sunlight",rouen-cathedral-red-sunlight,https://www.wikiart.org/en/claude-monet/rouen-cathedral-red-sunlight,https://uploads2.wikiart.org/images/claude-monet/rouen-cathedral-red-sunlight.jpg,"Musée d'Orsay, Paris","Known location"
"Claude Monet",claude-monet,1926,"Rouen Cathedral",rouen-cathedral-1893,https://www.wikiart.org/en/claude-monet/rouen-cathedral-1893,https://uploads2.wikiart.org/images/claude-monet/rouen-cathedral-1893.jpg,"Musée d'Orsay, Paris","Known location"
"Claude Monet",claude-monet,1926,"Rouen Cathedral, The Portal at Midday",rouen-cathedral-the-portal-at-midday,https://www.wikiart.org/en/claude-monet/rouen-cathedral-the-portal-at-midday,https://uploads2.wikiart.org/images/claude-monet/rouen-cathedral-the-portal-at-midday.jpg,"Musée d'Orsay, Paris","Known location"
"Claude Monet",claude-monet,1926,"Rouen Cathedral",rouen-cathedral,https://www.wikiart.org/en/claude-monet/rouen-cathedral,https://uploads2.wikiart.org/images/claude-monet/rouen-cathedral.jpg,"Musée d'Orsay, Paris","Known location"
"Claude Monet",claude-monet,1926,"Rouen Cathedral 01",rouen-cathedral-01,https://www.wikiart.org/en/claude-monet/rouen-cathedral-01,https://uploads2.wikiart.org/images/claude-monet/rouen-cathedral-01.jpg,"Musée d'Orsay, Paris","Known location"
"Claude Monet",claude-monet,1926,"Rouen Cathedral 02",rouen-cathedral-02,https://www.wikiart.org/en/claude-monet/rouen-cathedral-02,https://uploads2.wikiart.org/images/claude-monet/rouen-cathedral-02.jpg,"Musée d'Orsay, Paris","Known location"
"Claude Monet",claude-monet,1926,"Rouen Cathedral at Noon",rouen-cathedral-at-noon,https://www.wikiart.org/en/claude-monet/rouen-cathedral-at-noon,https://uploads2.wikiart.org/images/claude-monet/rouen-cathedral-at-noon.jpg,"Musée d'Orsay, Paris","Known location"
"Claude Monet",claude-monet,1926,"Rouen Cathedral at Sunset",rouen-cathedral-at-sunset,https://www.wikiart.org/en/claude-monet/rouen-cathedral-at-sunset,https://uploads2.wikiart.org/images/claude-monet/rouen-cathedral-at-sunset.jpg,"Musée d'Orsay, Paris","Known location"
"Claude Monet",claude-monet,1926,"Rouen Cathedral in the Fog",rouen-cathedral-in-the-fog,https://www.wikiart.org/en/claude-monet/rouen-cathedral-in-the-fog,https://uploads2.wikiart.org/images/claude-monet/rouen-cathedral-in-the-fog.jpg,"Musée d'Orsay, Paris","Known location"
"Claude Monet",claude-monet,1926,"Rouen Cathedral, Clear Day",rouen-cathedral-clear-day,https://www.wikiart.org/en/claude-monet/rouen-cathedral-clear-day,https://uploads2.wikiart.org/images/claude-monet/rouen-cathedral-clear-day.jpg,"Musée d'Orsay, Paris","Known location"
"Claude Monet",claude-monet,1926,"Rouen Cathedral, evening, harmony in brown",rouen-cathedral-evening-harmony-in-brown-1894,https://www.wikiart.org/en/claude-monet/rouen-cathedral-evening-harmony-in-brown-1894,https://uploads2.wikiart.org/images/claude-monet/rouen-cathedral-evening-harmony-in-brown-1894.jpg,"Musée d'Orsay, Paris","Known location"
"Claude Monet",claude-monet,1926,"Rouen Cathedral, Grey Weather",rouen-cathedral-grey-weather,https://www.wikiart.org/en/claude-monet/rouen-cathedral-grey-weather,https://uploads2.wikiart.org/images/claude-monet/rouen-cathedral-grey-weather.jpg,"Musée d'Orsay, Paris","Known location"
"Claude Monet",claude-monet,1926,"Rouen Cathedral, Magic in Blue",rouen-cathedral-magic-in-blue,https://www.wikiart.org/en/claude-monet/rouen-cathedral-magic-in-blue,https://uploads2.wikiart.org/images/claude-monet/rouen-cathedral-magic-in-blue.jpg,"Musée d'Orsay, Paris","Known location"
"Claude Monet",claude-monet,1926,"Rouen Cathedral, Portal in the Sun",rouen-cathedral-portal-in-the-sun,https://www.wikiart.org/en/claude-monet/rouen-cathedral-portal-in-the-sun,https://uploads2.wikiart.org/images/claude-monet/rouen-cathedral-portal-in-the-sun.jpg,"Musée d'Orsay, Paris","Known location"
"Claude Monet",claude-monet,1926,"Rouen Cathedral, Sunlight Effect",rouen-cathedral-sunlight-effect,https://www.wikiart.org/en/claude-monet/rouen-cathedral-sunlight-effect,https://uploads2.wikiart.org/images/claude-monet/rouen-cathedral-sunlight-effect.jpg,"Musée d'Orsay, Paris","Known location"
"Claude Monet",claude-monet,1926,"Rouen Cathedral, Symphony in Grey and Rose",rouen-cathedral-symphony-in-grey-and-rose,https://www.wikiart.org/en/claude-monet/rouen-cathedral-symphony-in-grey-and-rose,https://uploads2.wikiart.org/images/claude-monet/rouen-cathedral-symphony-in-grey-and-rose.jpg,"Musée d'Orsay, Paris","Known location"
"Claude Monet",claude-monet,1926,"Rouen Cathedral, the Portal",rouen-cathedral-the-portal,https://www.wikiart.org/en/claude-monet/rouen-cathedral-the-portal,https://uploads2.wikiart.org/images/claude-monet/rouen-cathedral-the-portal.jpg,"Musée d'Orsay, Paris","Known location"
"Claude Monet",claude-monet,1926,"Rouen Cathedral Fa&#231;ade and Tour d&#39;Albane (Morning Effect)",rouen-cathedral-the-portal-and-the-tour-d-albane-at-dawn,https://www.wikiart.org/en/claude-monet/rouen-cathedral-the-portal-and-the-tour-d-albane-at-dawn,https://uploads2.wikiart.org/images/claude-monet/rouen-cathedral-the-portal-and-the-tour-d-albane-at-dawn.jpg,"Musée d'Orsay, Paris","Known location"
"Claude Monet",claude-monet,1926,"Rouen Cathedral The Portal Morning Effect",rouen-cathedral-the-portal-and-the-tour-d-albane-morning-effect,https://www.wikiart.org/en/claude-monet/rouen-cathedral-the-portal-and-the-tour-d-albane-morning-effect,https://uploads2.wikiart.org/images/claude-monet/rouen-cathedral-the-portal-and-the-tour-d-albane-morning-effect.jpg,"Musée d'Orsay, Paris","Known location"
"Claude Monet",claude-monet,1926,"Rouen Cathedral, The Portal and the Tour d&#39;Albene, Grey Weather",rouen-cathedral-the-portal-and-the-tour-d-albene-grey-weather,https://www.wikiart.org/en/claude-monet/rouen-cathedral-the-portal-and-the-tour-d-albene-grey-weather,https://uploads2.wikiart.org/images/claude-monet/rouen-cathedral-the-portal-and-the-tour-d-albene-grey-weather.jpg,"Musée d'Orsay, Paris","Known location"
"Claude Monet",claude-monet,1926,"Rouen Cathedral, the Portal and the Tower d`Allban on the Sun",rouen-cathedral-the-portal-and-the-tower-d-allban-on-the-sun,https://www.wikiart.org/en/claude-monet/rouen-cathedral-the-portal-and-the-tower-d-allban-on-the-sun,https://uploads2.wikiart.org/images/claude-monet/rouen-cathedral-the-portal-and-the-tower-d-allban-on-the-sun.jpg,"Musée d'Orsay, Paris","Known location"
"Claude Monet",claude-monet,1926,"Rouen Cathedral, the Portal in the Sun",rouen-cathedral-the-portal-in-the-sun,https://www.wikiart.org/en/claude-monet/rouen-cathedral-the-portal-in-the-sun,https://uploads2.wikiart.org/images/claude-monet/rouen-cathedral-the-portal-in-the-sun.jpg,"Musée d'Orsay, Paris","Known location"
"Claude Monet",claude-monet,1926,"Rouen Cathedral, the Portal, Morning Effect",rouen-cathedral-the-portal-morning-effect,https://www.wikiart.org/en/claude-monet/rouen-cathedral-the-portal-morning-effect,https://uploads2.wikiart.org/images/claude-monet/rouen-cathedral-the-portal-morning-effect.jpg,"Musée d'Orsay, Paris","Known location"
"Claude Monet",claude-monet,1926,"Rouen Cathedral, the Portal, Morning Fog",rouen-cathedral-the-portal-morning-fog,https://www.wikiart.org/en/claude-monet/rouen-cathedral-the-portal-morning-fog,https://uploads2.wikiart.org/images/claude-monet/rouen-cathedral-the-portal-morning-fog.jpg,"Musée d'Orsay, Paris","Known location"
"Claude Monet",claude-monet,1926,"Rouen Cathedral, West Facade, Noon",rouen-cathedral-west-facade-noon,https://www.wikiart.org/en/claude-monet/rouen-cathedral-west-facade-noon,https://uploads2.wikiart.org/images/claude-monet/rouen-cathedral-west-facade-noon.jpg,"Musée d'Orsay, Paris","Known location"
"Claude Monet",claude-monet,1926,"Rouen Cathedral, West Facade, Sunlight",rouen-cathedral-west-facade-sunlight-1894,https://www.wikiart.org/en/claude-monet/rouen-cathedral-west-facade-sunlight-1894,https://uploads2.wikiart.org/images/claude-monet/rouen-cathedral-west-facade-sunlight-1894.jpg,"Musée d'Orsay, Paris","Known location"
"Claude Monet",claude-monet,1926,"Rouen Cathedral, The Gate and The Tower",rouen-cathedral-the-gate-and-the-tower,https://www.wikiart.org/en/claude-monet/rouen-cathedral-the-gate-and-the-tower,https://uploads2.wikiart.org/images/claude-monet/rouen-cathedral-the-gate-and-the-tower.jpg,"Musée d'Orsay, Paris","Known location"
"Claude Monet",claude-monet,1926,"Rouen Cathedral,The Gate, Grey Weather",rouen-cathedral-the-gate-grey-weather,https://www.wikiart.org/en/claude-monet/rouen-cathedral-the-gate-grey-weather,https://uploads2.wikiart.org/images/claude-monet/rouen-cathedral-the-gate-grey-weather.jpg,"Musée d'Orsay, Paris","Known location"
"Claude Monet",claude-monet,1926,"Rouen Cathedral; Morning - White harmony",rouen-cathedral-0,https://www.wikiart.org/en/claude-monet/rouen-cathedral-0,https://uploads2.wikiart.org/images/claude-monet/rouen-cathedral-0.jpg,"Musée d'Orsay, Paris","Known location"
"Claude Monet",claude-monet,1926,"The Japanese Bridge (The Bridge in Monet&#39;s Garden)",the-japanese-bridge-the-bridge-in-monet-s-garden-1896,https://www.wikiart.org/en/claude-monet/the-japanese-bridge-the-bridge-in-monet-s-garden-1896,https://uploads2.wikiart.org/images/claude-monet/the-japanese-bridge-the-bridge-in-monet-s-garden-1896.jpg,"Metropolitan Museum of Art, New York","Known location"
"Claude Monet",claude-monet,1926,"The Japanese Bridge",the-japanese-bridge,https://www.wikiart.org/en/claude-monet/the-japanese-bridge,https://uploads2.wikiart.org/images/claude-monet/the-japanese-bridge.jpg,"Metropolitan Museum of Art, New York","Known location"
"Claude Monet",claude-monet,1926,"The Japanese Bridge (The Water-Lily Pond)",the-japanese-bridge-the-water-lily-pond-1899,https://www.wikiart.org/en/claude-monet/the-japanese-bridge-the-water-lily-pond-1899,https://uploads2.wikiart.org/images/claude-monet/the-japanese-bridge-the-water-lily-pond-1899.jpg,"Metropolitan Museum of Art, New York","Known location"
"Claude Monet",claude-monet,1926,"The Japanese Bridge (The Water-Lily Pond)",the-japanese-bridge-the-water-lily-pond,https://www.wikiart.org/en/claude-monet/the-japanese-bridge-the-water-lily-pond,https://uploads2.wikiart.org/images/claude-monet/the-japanese-bridge-the-water-lily-pond.jpg,"Metropolitan Museum of Art, New York","Known location"
"Claude Monet",claude-monet,1926,"The Japanese Bridge (The Bridge over the Water-Lily Pond)",the-japanese-bridge-the-bridge-over-the-water-lily-pond,https://www.wikiart.org/en/claude-monet/the-japanese-bridge-the-bridge-over-the-water-lily-pond,https://uploads2.wikiart.org/images/claude-monet/the-japanese-bridge-the-bridge-over-the-water-lily-pond.jpg,"Metropolitan Museum of Art, New York","Known location"
"Claude Monet",claude-monet,1926,"The Japanese Bridge (The Water-Lily Pond and Path by the Water)",the-japanese-bridge-the-water-lily-pond-and-path-by-the-water,https://www.wikiart.org/en/claude-monet/the-japanese-bridge-the-water-lily-pond-and-path-by-the-water,https://uploads2.wikiart.org/images/claude-monet/the-japanese-bridge-the-water-lily-pond-and-path-by-the-water.jpg,"Metropolitan Museum of Art, New York","Known location"
"Claude Monet",claude-monet,1926,"The Japanese Bridge (The Water-Lily Pond and Path by the Water)",the-japanese-bridge-the-water-lily-pond-and-path-by-the-water-1,https://www.wikiart.org/en/claude-monet/the-japanese-bridge-the-water-lily-pond-and-path-by-the-water-1,https://uploads2.wikiart.org/images/claude-monet/the-japanese-bridge-the-water-lily-pond-and-path-by-the-water-1.jpg,"Metropolitan Museum of Art, New York","Known location"
"Claude Monet",claude-monet,1926,"The Japanese Bridge (The Water-Lily Pond, Symphony in Rose)",the-japanese-bridge-the-water-lily-pond-symphony-in-rose,https://www.wikiart.org/en/claude-monet/the-japanese-bridge-the-water-lily-pond-symphony-in-rose,https://uploads2.wikiart.org/images/claude-monet/the-japanese-bridge-the-water-lily-pond-symphony-in-rose.jpg,"Metropolitan Museum of Art, New York","Known location"
"Claude Monet",claude-monet,1926,"The Japanese Bridge (The Water-Lily Pond, Water Irises)",the-japanese-bridge-the-water-lily-pond-water-irises,https://www.wikiart.org/en/claude-monet/the-japanese-bridge-the-water-lily-pond-water-irises,https://uploads2.wikiart.org/images/claude-monet/the-japanese-bridge-the-water-lily-pond-water-irises.jpg,"Metropolitan Museum of Art, New York","Known location"
"Claude Monet",claude-monet,1926,"Waterloo Bridge, London",waterloo-bridge-london,https://www.wikiart.org/en/claude-monet/waterloo-bridge-london,https://uploads2.wikiart.org/images/claude-monet/waterloo-bridge-london.jpg,"Hermitage Museum, St. Petersburg","Known location"
"Claude Monet",claude-monet,1926,"Houses of Parliament, Fog Effect",houses-of-parliament-fog-effect-1901,https://www.wikiart.org/en/claude-monet/houses-of-parliament-fog-effect-1901,https://uploads2.wikiart.org/images/claude-monet/houses-of-parliament-fog-effect-1901.jpg,"Musée d'Orsay, Paris","Known location"
"Claude Monet",claude-monet,1926,"Houses of Parliament, Westminster",houses-of-parliament-westminster-1901,https://www.wikiart.org/en/claude-monet/houses-of-parliament-westminster-1901,https://uploads2.wikiart.org/images/claude-monet/houses-of-parliament-westminster-1901.jpg,"Musée d'Orsay, Paris","Known location"
"Claude Monet",claude-monet,1926,"Waterloo Bridge",waterloo-bridge-1901,https://www.wikiart.org/en/claude-monet/waterloo-bridge-1901,https://uploads2.wikiart.org/images/claude-monet/waterloo-bridge-1901.jpg,"Hermitage Museum, St. Petersburg","Known location"
"Claude Monet",claude-monet,1926,"Waterloo Bridge",waterloo-bridge-1901-1,https://www.wikiart.org/en/claude-monet/waterloo-bridge-1901-1,https://uploads2.wikiart.org/images/claude-monet/waterloo-bridge-1901-1.jpg,"Hermitage Museum, St. Petersburg","Known location"
"Claude Monet",claude-monet,1926,"Waterloo Bridge",waterloo-bridge-2-1901,https://www.wikiart.org/en/claude-monet/waterloo-bridge-2-1901,https://uploads2.wikiart.org/images/claude-monet/waterloo-bridge-2-1901.jpg,"Hermitage Museum, St. Petersburg","Known location"
"Claude Monet",claude-monet,1926,"Waterloo Bridge",waterloo-bridge-3-1901,https://www.wikiart.org/en/claude-monet/waterloo-bridge-3-1901,https://uploads2.wikiart.org/images/claude-monet/waterloo-bridge-3-1901.jpg,"Hermitage Museum, St. Petersburg","Known location"
"Claude Monet",claude-monet,1926,"Waterloo Bridge in the Fog",waterloo-bridge-in-the-fog-1901,https://www.wikiart.org/en/claude-monet/waterloo-bridge-in-the-fog-1901,https://uploads2.wikiart.org/images/claude-monet/waterloo-bridge-in-the-fog-1901.jpg,"Hermitage Museum, St. Petersburg","Known location"
"Claude Monet",claude-monet,1926,"Waterloo Bridge, Dawn",waterloo-bridge-dawn-1901,https://www.wikiart.org/en/claude-monet/waterloo-bridge-dawn-1901,https://uploads2.wikiart.org/images/claude-monet/waterloo-bridge-dawn-1901.jpg,"Hermitage Museum, St. Petersburg","Known location"
"Claude Monet",claude-monet,1926,"Waterloo Bridge, Misty Morning",waterloo-bridge-misty-morning-1901,https://www.wikiart.org/en/claude-monet/waterloo-bridge-misty-morning-1901,https://uploads2.wikiart.org/images/claude-monet/waterloo-bridge-misty-morning-1901.jpg,"Hermitage Museum, St. Petersburg","Known location"
"Claude Monet",claude-monet,1926,"Waterloo Bridge, Overcast Weather",waterloo-bridge-overcast-weather-2-1901,https://www.wikiart.org/en/claude-monet/waterloo-bridge-overcast-weather-2-1901,https://uploads2.wikiart.org/images/claude-monet/waterloo-bridge-overcast-weather-2-1901.jpg,"Hermitage Museum, St. Petersburg","Known location"
"Claude Monet",claude-monet,1926,"Waterloo Bridge",not_detected_212142,https://www.wikiart.org/en/claude-monet/not_detected_212142,https://uploads2.wikiart.org/images/claude-monet/not_detected_212142.jpg,"Hermitage Museum, St. Petersburg","Known location"
"Claude Monet",claude-monet,1926,"Waterloo Bridge",waterloo-bridge-1902,https://www.wikiart.org/en/claude-monet/waterloo-bridge-1902,https://uploads2.wikiart.org/images/claude-monet/waterloo-bridge-1902.jpg,"Hermitage Museum, St. Petersburg","Known location"
"Claude Monet",claude-monet,1926,"Waterloo Bridge, Sunlight Effect",waterloo-bridge-sunlight-effect,https://www.wikiart.org/en/claude-monet/waterloo-bridge-sunlight-effect,https://uploads2.wikiart.org/images/claude-monet/waterloo-bridge-sunlight-effect.jpg,"Hermitage Museum, St. Petersburg","Known location"
"Claude Monet",claude-monet,1926,"Houses of Parliament at Sunset",houses-of-parliament-at-sunset,https://www.wikiart.org/en/claude-monet/houses-of-parliament-at-sunset,https://uploads2.wikiart.org/images/claude-monet/houses-of-parliament-at-sunset.jpg,"Musée d'Orsay, Paris","Known location"
"Claude Monet",claude-monet,1926,"Houses of Parliament in Winter",houses-of-parliament-in-winter,https://www.wikiart.org/en/claude-monet/houses-of-parliament-in-winter,https://uploads2.wikiart.org/images/claude-monet/houses-of-parliament-in-winter.jpg,"Musée d'Orsay, Paris","Known location"
"Claude Monet",claude-monet,1926,"Houses of Parliament, Fog Effect",houses-of-parliament-fog-effect,https://www.wikiart.org/en/claude-monet/houses-of-parliament-fog-effect,https://uploads2.wikiart.org/images/claude-monet/houses-of-parliament-fog-effect.jpg,"Musée d'Orsay, Paris","Known location"
"Claude Monet",claude-monet,1926,"Waterloo Bridge",waterloo-bridge,https://www.wikiart.org/en/claude-monet/waterloo-bridge,https://uploads2.wikiart.org/images/claude-monet/waterloo-bridge.jpg,"Hermitage Museum, St. Petersburg","Known location"
"Claude Monet",claude-monet,1926,"Waterloo Bridge at Sunset, Pink Effect",waterloo-bridge-at-sunset-pink-effect,https://www.wikiart.org/en/claude-monet/waterloo-bridge-at-sunset-pink-effect,https://uploads2.wikiart.org/images/claude-monet/waterloo-bridge-at-sunset-pink-effect.jpg,"Hermitage Museum, St. Petersburg","Known location"
"Claude Monet",claude-monet,1926,"Waterloo Bridge, Effect of Fog",waterloo-bridge-effect-of-fog-1903,https://www.wikiart.org/en/claude-monet/waterloo-bridge-effect-of-fog-1903,https://uploads2.wikiart.org/images/claude-monet/waterloo-bridge-effect-of-fog-1903.jpg,"Hermitage Museum, St. Petersburg","Known location"
"Claude Monet",claude-monet,1926,"Waterloo Bridge, Effect of the Sun",waterloo-bridge-effect-of-the-sun,https://www.wikiart.org/en/claude-monet/waterloo-bridge-effect-of-the-sun,https://uploads2.wikiart.org/images/claude-monet/waterloo-bridge-effect-of-the-sun.jpg,"Hermitage Museum, St. Petersburg","Known location"
"Claude Monet",claude-monet,1926,"Waterloo Bridge, Fog",waterloo-bridge-fog,https://www.wikiart.org/en/claude-monet/waterloo-bridge-fog,https://uploads2.wikiart.org/images/claude-monet/waterloo-bridge-fog.jpg,"Hermitage Museum, St. Petersburg","Known location"
"Claude Monet",claude-monet,1926,"Waterloo Bridge, Grey Weather",waterloo-bridge-grey-weather,https://www.wikiart.org/en/claude-monet/waterloo-bridge-grey-weather,https://uploads2.wikiart.org/images/claude-monet/waterloo-bridge-grey-weather.jpg,"Hermitage Museum, St. Petersburg","Known location"
"Claude Monet",claude-monet,1926,"Waterloo Bridge, Hazy Sunshine",waterloo-bridge-hazy-sunshine-1903,https://www.wikiart.org/en/claude-monet/waterloo-bridge-hazy-sunshine-1903,https://uploads2.wikiart.org/images/claude-monet/waterloo-bridge-hazy-sunshine-1903.jpg,"Hermitage Museum, St. Petersburg","Known location"
"Claude Monet",claude-monet,1926,"Waterloo Bridge, London",waterloo-bridge-london-1,https://www.wikiart.org/en/claude-monet/waterloo-bridge-london-1,https://uploads2.wikiart.org/images/claude-monet/waterloo-bridge-london-1.jpg,"Hermitage Museum, St. Petersburg","Known location"
"Claude Monet",claude-monet,1926,"Waterloo Bridge, Sunlight Effect",waterloo-bridge-sunlight-effect-1,https://www.wikiart.org/en/claude-monet/waterloo-bridge-sunlight-effect-1,https://uploads2.wikiart.org/images/claude-monet/waterloo-bridge-sunlight-effect-1.jpg,"Hermitage Museum, St. Petersburg","Known location"
"Claude Monet",claude-monet,1926,"Waterloo Bridge, Sunlight Effect",waterloo-bridge-sunlight-effect-2,https://www.wikiart.org/en/claude-monet/waterloo-bridge-sunlight-effect-2,https://uploads2.wikiart.org/images/claude-monet/waterloo-bridge-sunlight-effect-2.jpg,"Hermitage Museum, St. Petersburg","Known location"
"Claude Monet",claude-monet,1926,"Waterloo Bridge, Sunlight Effect",waterloo-bridge-sunlight-effect-4,https://www.wikiart.org/en/claude-monet/waterloo-bridge-sunlight-effect-4,https://uploads2.wikiart.org/images/claude-monet/waterloo-bridge-sunlight-effect-4.jpg,"Hermitage Museum, St. Petersburg","Known location"
"Claude Monet",claude-monet,1926,"Waterloo Bridge, Sunlight Effect",waterloo-bridge-sunlight-effect-5,https://www.wikiart.org/en/claude-monet/waterloo-bridge-sunlight-effect-5,https://uploads2.wikiart.org/images/claude-monet/waterloo-bridge-sunlight-effect-5.jpg,"Hermitage Museum, St. Petersburg","Known location"
"Claude Monet",claude-monet,1926,"Waterloo Bridge, Sunlight in the Fog",waterloo-bridge-sunlight-in-the-fog,https://www.wikiart.org/en/claude-monet/waterloo-bridge-sunlight-in-the-fog,https://uploads2.wikiart.org/images/claude-monet/waterloo-bridge-sunlight-in-the-fog.jpg,"Hermitage Museum, St. Petersburg","Known location"
"Claude Monet",claude-monet,1926,"House of Parliament Sun",house-of-parliament-sun,https://www.wikiart.org/en/claude-monet/house-of-parliament-sun,https://uploads2.wikiart.org/images/claude-monet/house-of-parliament-sun.jpg,"Musée d'Orsay, Paris","Known location"
"Claude Monet",claude-monet,1926,"Waterloo Bridge",not_detected_212150,https://www.wikiart.org/en/claude-monet/not_detected_212150,https://uploads2.wikiart.org/images/claude-monet/not_detected_212150.jpg,"Hermitage Museum, St. Petersburg","Known location"
"Claude Monet",claude-monet,1926,"Houses of Parliament",houses-of-parliament,https://www.wikiart.org/en/claude-monet/houses-of-parliament,https://uploads2.wikiart.org/images/claude-monet/houses-of-parliament.jpg,"Musée d'Orsay, Paris","Known location"
"Claude Monet",claude-monet,1926,"Houses of Parliament, Effect of Sunlight in the Fog",houses-of-parliament-effect-of-sunlight-in-the-fog,https://www.wikiart.org/en/claude-monet/houses-of-parliament-effect-of-sunlight-in-the-fog,https://uploads2.wikiart.org/images/claude-monet/houses-of-parliament-effect-of-sunlight-in-the-fog.jpg,"Musée d'Orsay, Paris","Known location"
"Claude Monet",claude-monet,1926,"Houses of Parliament, London, Sun Breaking Through",houses-of-parliament-london-sun-breaking-through,https://www.wikiart.org/en/claude-monet/houses-of-parliament-london-sun-breaking-through,https://uploads2.wikiart.org/images/claude-monet/houses-of-parliament-london-sun-breaking-through.jpg,"Musée d'Orsay, Paris","Known location"
"Claude Monet",claude-monet,1926,"Houses of Parliament, Sunset",houses-of-parliament-sunset,https://www.wikiart.org/en/claude-monet/houses-of-parliament-sunset,https://uploads2.wikiart.org/images/claude-monet/houses-of-parliament-sunset.jpg,"Musée d'Orsay, Paris","Known location"
"Claude Monet",claude-monet,1926,"Houses of Parliament, Sunset 02",houses-of-parliament-sunset-02,https://www.wikiart.org/en/claude-monet/houses-of-parliament-sunset-02,https://uploads2.wikiart.org/images/claude-monet/houses-of-parliament-sunset-02.jpg,"Musée d'Orsay, Paris","Known location"
"Claude Monet",claude-monet,1926,"Seagulls over the Houses of Parliament",seagulls-over-the-houses-of-parliament-1904,https://www.wikiart.org/en/claude-monet/seagulls-over-the-houses-of-parliament-1904,https://uploads2.wikiart.org/images/claude-monet/seagulls-over-the-houses-of-parliament-1904.jpg,"Musée d'Orsay, Paris","Known location"
"Claude Monet",claude-monet,1926,"Waterloo Bridge, Overcast Weather",waterloo-bridge-overcast-weather,https://www.wikiart.org/en/claude-monet/waterloo-bridge-overcast-weather,https://uploads2.wikiart.org/images/claude-monet/waterloo-bridge-overcast-weather.jpg,"Hermitage Museum, St. Petersburg","Known location"
"Claude Monet",claude-monet,1926,"Waterloo Bridge, Overcast Weather",waterloo-bridge-overcast-weather-1,https://www.wikiart.org/en/claude-monet/waterloo-bridge-overcast-weather-1,https://uploads2.wikiart.org/images/claude-monet/waterloo-bridge-overcast-weather-1.jpg,"Hermitage Museum, St. Petersburg","Known location"
"Claude Monet",claude-monet,1926,"The Water Lily Pond and Bridge",the-water-lily-pond-and-bridge-1905,https://www.wikiart.org/en/claude-monet/the-water-lily-pond-and-bridge-1905,https://uploads2.wikiart.org/images/claude-monet/the-water-lily-pond-and-bridge-1905.jpg,"Metropolitan Museum of Art, New York","Known location"
"Claude Monet",claude-monet,1926,"Parliament, Reflections on the Thames",parliament-reflections-on-the-thames-1905,https://www.wikiart.org/en/claude-monet/parliament-reflections-on-the-thames-1905,https://uploads2.wikiart.org/images/claude-monet/parliament-reflections-on-the-thames-1905.jpg,"Musée d'Orsay, Paris","Known location"
"Claude Monet",claude-monet,1926,"The Japanese Bridge (The Bridge over the Water-Lily Pond)",the-japanese-bridge-the-bridge-over-the-water-lily-pond-1,https://www.wikiart.org/en/claude-monet/the-japanese-bridge-the-bridge-over-the-water-lily-pond-1,https://uploads2.wikiart.org/images/claude-monet/the-japanese-bridge-the-bridge-over-the-water-lily-pond-1.jpg,"Metropolitan Museum of Art, New York","Known location"
"Claude Monet",claude-monet,1926,"Water Lily Pond and Bridge",water-lily-pond-and-bridge,https://www.wikiart.org/en/claude-monet/water-lily-pond-and-bridge,https://uploads2.wikiart.org/images/claude-monet/water-lily-pond-and-bridge.jpg,"Metropolitan Museum of Art, New York","Known location"
"Claude Monet",claude-monet,1926,"Palazzo da Mula at Venice",palazzo-da-mula-at-venice,https://www.wikiart.org/en/claude-monet/palazzo-da-mula-at-venice,https://uploads2.wikiart.org/images/claude-monet/palazzo-da-mula-at-venice.jpg,"National Gallery of Art, Washington DC","Known location"
"Claude Monet",claude-monet,1926,"Water Lily Pond",water-lily-pond,https://www.wikiart.org/en/claude-monet/water-lily-pond,https://uploads2.wikiart.org/images/claude-monet/water-lily-pond.jpg,"Metropolitan Museum of Art, New York","Known location"
"Claude Monet",claude-monet,1926,"Water Lily Pond",water-lily-pond-1,https://www.wikiart.org/en/claude-monet/water-lily-pond-1,https://uploads2.wikiart.org/images/claude-monet/water-lily-pond-1.jpg,"Metropolitan Museum of Art, New York","Known location"
"Claude Monet",claude-monet,1926,"The Japanese Bridge",the-japanese-bridge-1,https://www.wikiart.org/en/claude-monet/the-japanese-bridge-1,https://uploads2.wikiart.org/images/claude-monet/the-japanese-bridge-1.jpg,"Metropolitan Museum of Art, New York","Known location"
"Claude Monet",claude-monet,1926,"Water Lily Pond",water-lily-pond-2,https://www.wikiart.org/en/claude-monet/water-lily-pond-2,https://uploads2.wikiart.org/images/claude-monet/water-lily-pond-2.jpg,"Metropolitan Museum of Art, New York","Known location"
"Claude Monet",claude-monet,1926,"The Water Lily Pond X",the-water-lily-pond-x-1919,https://www.wikiart.org/en/claude-monet/the-water-lily-pond-x-1919,https://uploads2.wikiart.org/images/claude-monet/the-water-lily-pond-x-1919.jpg,"Metropolitan Museum of Art, New York","Known location"
"Claude Monet",claude-monet,1926,"The Japanis Bridge (Footbridge over the Water-Lily Pond)",the-japanis-bridge-footbridge-over-the-water-lily-pond,https://www.wikiart.org/en/claude-monet/the-japanis-bridge-footbridge-over-the-water-lily-pond,https://uploads2.wikiart.org/images/claude-monet/the-japanis-bridge-footbridge-over-the-water-lily-pond.jpg,"National Gallery, London","Known location"
"Claude Monet",claude-monet,1926,"Water Lily Pond",water-lily-pond-1919,https://www.wikiart.org/en/claude-monet/water-lily-pond-1919,https://uploads2.wikiart.org/images/claude-monet/water-lily-pond-1919.jpg,"Metropolitan Museum of Art, New York","Known location"
"Claude Monet",claude-monet,1926,"Water Lily Pond",water-lily-pond-1919-1,https://www.wikiart.org/en/claude-monet/water-lily-pond-1919-1,https://uploads2.wikiart.org/images/claude-monet/water-lily-pond-1919-1.jpg,"Metropolitan Museum of Art, New York","Known location"
"Claude Monet",claude-monet,1926,"Water Lily Pond",water-lily-pond-1919-2,https://www.wikiart.org/en/claude-monet/water-lily-pond-1919-2,https://uploads2.wikiart.org/images/claude-monet/water-lily-pond-1919-2.jpg,"Metropolitan Museum of Art, New York","Known location"
"Claude Monet",claude-monet,1926,"Water Lily Pond",water-lily-pond-1919-3,https://www.wikiart.org/en/claude-monet/water-lily-pond-1919-3,https://uploads2.wikiart.org/images/claude-monet/water-lily-pond-1919-3.jpg,"Metropolitan Museum of Art, New York","Known location"
"Claude Monet",claude-monet,1926,"Water Lily Pond",water-lily-pond-1919-4,https://www.wikiart.org/en/claude-monet/water-lily-pond-1919-4,https://uploads2.wikiart.org/images/claude-monet/water-lily-pond-1919-4.jpg,"Metropolitan Museum of Art, New York","Known location"
"Claude Monet",claude-monet,1926,"Water Lily Pond at Giverny",water-lily-pond-at-giverny-1919,https://www.wikiart.org/en/claude-monet/water-lily-pond-at-giverny-1919,https://uploads2.wikiart.org/images/claude-monet/water-lily-pond-at-giverny-1919.jpg,"Metropolitan Museum of Art, New York","Known location"
"Claude Monet",claude-monet,1926,"Weeping Willow and Water-Lily Pond",weeping-willow-and-water-lily-pond-1919,https://www.wikiart.org/en/claude-monet/weeping-willow-and-water-lily-pond-1919,https://uploads2.wikiart.org/images/claude-monet/weeping-willow-and-water-lily-pond-1919.jpg,"National Gallery, London","Known location"
"Claude Monet",claude-monet,1926,"Weeping Willow and Water-Lily Pond",weeping-willow-and-water-lily-pond-2-1919,https://www.wikiart.org/en/claude-monet/weeping-willow-and-water-lily-pond-2-1919,https://uploads2.wikiart.org/images/claude-monet/weeping-willow-and-water-lily-pond-2-1919.jpg,"National Gallery, London","Known location"
"Claude Monet",claude-monet,1926,"The Japanese Bridge",the-japanese-bridge-2,https://www.wikiart.org/en/claude-monet/the-japanese-bridge-2,https://uploads2.wikiart.org/images/claude-monet/the-japanese-bridge-2.jpg,"Metropolitan Museum of Art, New York","Known location"
"Claude Monet",claude-monet,1926,"Water Lily Pond",water-lily-pond-3,https://www.wikiart.org/en/claude-monet/water-lily-pond-3,https://uploads2.wikiart.org/images/claude-monet/water-lily-pond-3.jpg,"Metropolitan Museum of Art, New York","Known location"
"Claude Monet",claude-monet,1926,"The Japanese Bridge",the-japanese-bridge-1924,https://www.wikiart.org/en/claude-monet/the-japanese-bridge-1924,https://uploads2.wikiart.org/images/claude-monet/the-japanese-bridge-1924.jpg,"Metropolitan Museum of Art, New York","Known location"
"Claude Monet",claude-monet,1926,"The Japanese Bridge",the-japanese-bridge-1924-1,https://www.wikiart.org/en/claude-monet/the-japanese-bridge-1924-1,https://uploads2.wikiart.org/images/claude-monet/the-japanese-bridge-1924-1.jpg,"Metropolitan Museum of Art, New York","Known location"
"Claude Monet",claude-monet,1926,"The Japanese Bridge",the-japanese-bridge-1924-2,https://www.wikiart.org/en/claude-monet/the-japanese-bridge-1924-2,https://uploads2.wikiart.org/images/claude-monet/the-japanese-bridge-1924-2.jpg,"Metropolitan Museum of Art, New York","Known location"
"Claude Monet",claude-monet,1926,"The Japanese Bridge 10",the-japanese-bridge-10-1924,https://www.wikiart.org/en/claude-monet/the-japanese-bridge-10-1924,https://uploads2.wikiart.org/images/claude-monet/the-japanese-bridge-10-1924.jpg,"Metropolitan Museum of Art, New York","Known location"
"Claude Monet",claude-monet,1926,"The Japanese Bridge 2",the-japanese-bridge-2-1924,https://www.wikiart.org/en/claude-monet/the-japanese-bridge-2-1924,https://uploads2.wikiart.org/images/claude-monet/the-japanese-bridge-2-1924.jpg,"Metropolitan Museum of Art, New York","Known location"
"Claude Monet",claude-monet,1926,"The Japanese Bridge 3",the-japanese-bridge-3-1924,https://www.wikiart.org/en/claude-monet/the-japanese-bridge-3-1924,https://uploads2.wikiart.org/images/claude-monet/the-japanese-bridge-3-1924.jpg,"Metropolitan Museum of Art, New York","Known location"
"Claude Monet",claude-monet,1926,"The Japanese Bridge 4",the-japanese-bridge-4-1924,https://www.wikiart.org/en/claude-monet/the-japanese-bridge-4-1924,https://uploads2.wikiart.org/images/claude-monet/the-japanese-bridge-4-1924.jpg,"Metropolitan Museum of Art, New York","Known location"
"Claude Monet",claude-monet,1926,"The Japanese Bridge 5",the-japanese-bridge-5-1924,https://www.wikiart.org/en/claude-monet/the-japanese-bridge-5-1924,https://uploads2.wikiart.org/images/claude-monet/the-japanese-bridge-5-1924.jpg,"Metropolitan Museum of Art, New York","Known location"
"Claude Monet",claude-monet,1926,"The Japanese Bridge 6",the-japanese-bridge-6-1924,https://www.wikiart.org/en/claude-monet/the-japanese-bridge-6-1924,https://uploads2.wikiart.org/images/claude-monet/the-japanese-bridge-6-1924.jpg,"Metropolitan Museum of Art, New York","Known location"
"Claude Monet",claude-monet,1926,"The Japanese Bridge 7",the-japanese-bridge-7-1924,https://www.wikiart.org/en/claude-monet/the-japanese-bridge-7-1924,https://uploads2.wikiart.org/images/claude-monet/the-japanese-bridge-7-1924.jpg,"Metropolitan Museum of Art, New York","Known location"
"Claude Monet",claude-monet,1926,"The Japanese Bridge 8",the-japanese-bridge-8-1924,https://www.wikiart.org/en/claude-monet/the-japanese-bridge-8-1924,https://uploads2.wikiart.org/images/claude-monet/the-japanese-bridge-8-1924.jpg,"Metropolitan Museum of Art, New York","Known location"
"Claude Monet",claude-monet,1926,"The Japanis Bridge (Footbridge over the Water-Lily Pond)",the-japanis-bridge-footbridge-over-the-water-lily-pond-1924,https://www.wikiart.org/en/claude-monet/the-japanis-bridge-footbridge-over-the-water-lily-pond-1924,https://uploads2.wikiart.org/images/claude-monet/the-japanis-bridge-footbridge-over-the-water-lily-pond-1924.jpg,"National Gallery, London","Known location"
"Claude Monet",claude-monet,1926,"The Japanese Bridge",the-japanese-bridge-3,https://www.wikiart.org/en/claude-monet/the-japanese-bridge-3,https://uploads2.wikiart.org/images/claude-monet/the-japanese-bridge-3.jpg,"Metropolitan Museum of Art, New York","Known location"
"Claude Monet",claude-monet,1926,"The Japanese Bridge at Giverny",the-japanese-bridge-at-giverny-1926,https://www.wikiart.org/en/claude-monet/the-japanese-bridge-at-giverny-1926,https://uploads2.wikiart.org/images/claude-monet/the-japanese-bridge-at-giverny-1926.jpg,"Metropolitan Museum of Art, New York","Known location"
"Claude Monet",claude-monet,1926,"Water Lily Pond, Evening (left panel)",water-lily-pond-evening-left-panel-1926,https://www.wikiart.org/en/claude-monet/water-lily-pond-evening-left-panel-1926,https://uploads2.wikiart.org/images/claude-monet/water-lily-pond-evening-left-panel-1926.jpg,"Metropolitan Museum of Art, New York","Known location"
"Claude Monet",claude-monet,1926,"Water Lily Pond, Evening (right panel)",water-lily-pond-evening-right-panel-1926,https://www.wikiart.org/en/claude-monet/water-lily-pond-evening-right-panel-1926,https://uploads2.wikiart.org/images/claude-monet/water-lily-pond-evening-right-panel-1926.jpg,"Metropolitan Museum of Art, New York","Known location"
